<?xml version="1.0" encoding="UTF-8"?>
<spirit:abstractionDefinition xmlns:xilinx="http://www.xilinx.com" xmlns:spirit="http://www.spiritconsortium.org/XMLSchema/SPIRIT/1685-2009" xmlns:xsi="http://www.w3.org/2001/XMLSchema-instance">
  <spirit:vendor>iit.local</spirit:vendor>
  <spirit:library>user</spirit:library>
  <spirit:name>gth_manager_rx_rtl</spirit:name>
  <spirit:version>1.0</spirit:version>
  <spirit:busType spirit:vendor="iit.local" spirit:library="user" spirit:name="gth_manager_rx" spirit:version="1.0"/>
  <spirit:ports>
    <spirit:port>
      <spirit:logicalName>gtwiz_userclk_rx_usrclk2</spirit:logicalName>
      <spirit:wire>
        <spirit:onMaster>
          <spirit:direction>in</spirit:direction>
        </spirit:onMaster>
        <spirit:defaultValue>0</spirit:defaultValue>
      </spirit:wire>
    </spirit:port>
    <spirit:port>
      <spirit:logicalName>gtwiz_reset_all</spirit:logicalName>
      <spirit:wire>
        <spirit:onMaster/>
        <spirit:onSlave>
          <spirit:direction>in</spirit:direction>
        </spirit:onSlave>
        <spirit:defaultValue>0</spirit:defaultValue>
      </spirit:wire>
    </spirit:port>
    <spirit:port>
      <spirit:logicalName>gtwiz_userdata_rx</spirit:logicalName>
      <spirit:wire>
        <spirit:onMaster>
          <spirit:direction>in</spirit:direction>
        </spirit:onMaster>
        <spirit:defaultValue>0</spirit:defaultValue>
      </spirit:wire>
    </spirit:port>
    <spirit:port>
      <spirit:logicalName>rxctrl0</spirit:logicalName>
      <spirit:wire>
        <spirit:onMaster>
          <spirit:direction>in</spirit:direction>
        </spirit:onMaster>
        <spirit:defaultValue>0</spirit:defaultValue>
      </spirit:wire>
    </spirit:port>
    <spirit:port>
      <spirit:logicalName>rxctrl1</spirit:logicalName>
      <spirit:wire>
        <spirit:onMaster>
          <spirit:direction>in</spirit:direction>
        </spirit:onMaster>
        <spirit:defaultValue>0</spirit:defaultValue>
      </spirit:wire>
    </spirit:port>
    <spirit:port>
      <spirit:logicalName>rxctrl2</spirit:logicalName>
      <spirit:wire>
        <spirit:onMaster>
          <spirit:direction>in</spirit:direction>
        </spirit:onMaster>
        <spirit:defaultValue>0</spirit:defaultValue>
      </spirit:wire>
    </spirit:port>
    <spirit:port>
      <spirit:logicalName>rxctrl3</spirit:logicalName>
      <spirit:wire>
        <spirit:onMaster>
          <spirit:direction>in</spirit:direction>
        </spirit:onMaster>
        <spirit:defaultValue>0</spirit:defaultValue>
      </spirit:wire>
    </spirit:port>
    <spirit:port>
      <spirit:logicalName>rxbyteisaligned</spirit:logicalName>
      <spirit:wire>
        <spirit:onMaster>
          <spirit:direction>in</spirit:direction>
        </spirit:onMaster>
        <spirit:defaultValue>0</spirit:defaultValue>
      </spirit:wire>
    </spirit:port>
    <spirit:port>
      <spirit:logicalName>rxbyterealign</spirit:logicalName>
      <spirit:wire>
        <spirit:onMaster>
          <spirit:direction>in</spirit:direction>
        </spirit:onMaster>
        <spirit:defaultValue>0</spirit:defaultValue>
      </spirit:wire>
    </spirit:port>
    <spirit:port>
      <spirit:logicalName>qpll_lock</spirit:logicalName>
      <spirit:wire>
        <spirit:onMaster>
          <spirit:direction>in</spirit:direction>
        </spirit:onMaster>
        <spirit:onSlave>
          <spirit:presence>required</spirit:presence>
        </spirit:onSlave>
        <spirit:defaultValue>0</spirit:defaultValue>
      </spirit:wire>
    </spirit:port>
    <spirit:port>
      <spirit:logicalName>qpll_refclklost</spirit:logicalName>
      <spirit:wire>
        <spirit:onMaster>
          <spirit:direction>in</spirit:direction>
        </spirit:onMaster>
        <spirit:defaultValue>0</spirit:defaultValue>
      </spirit:wire>
    </spirit:port>
  </spirit:ports>
</spirit:abstractionDefinition>
