<?xml version="1.0" encoding="UTF-8"?>
<spirit:abstractionDefinition xmlns:xilinx="http://www.xilinx.com" xmlns:spirit="http://www.spiritconsortium.org/XMLSchema/SPIRIT/1685-2009" xmlns:xsi="http://www.w3.org/2001/XMLSchema-instance">
  <spirit:vendor>iit.local</spirit:vendor>
  <spirit:library>user</spirit:library>
  <spirit:name>gtp_manager_rtl</spirit:name>
  <spirit:version>1.0</spirit:version>
  <spirit:busType spirit:vendor="iit.local" spirit:library="user" spirit:name="gtp_manager" spirit:version="1.0"/>
  <spirit:ports>
    <spirit:port>
      <spirit:logicalName>SOFT_RESET_TX</spirit:logicalName>
      <spirit:wire>
        <spirit:onMaster>
          <spirit:presence>optional</spirit:presence>
          <spirit:width>1</spirit:width>
        </spirit:onMaster>
        <spirit:onSlave>
          <spirit:presence>optional</spirit:presence>
          <spirit:width>1</spirit:width>
          <spirit:direction>in</spirit:direction>
        </spirit:onSlave>
        <spirit:defaultValue>0</spirit:defaultValue>
      </spirit:wire>
    </spirit:port>
    <spirit:port>
      <spirit:logicalName>DATA_VALID</spirit:logicalName>
      <spirit:wire>
        <spirit:onMaster>
          <spirit:presence>optional</spirit:presence>
          <spirit:width>1</spirit:width>
        </spirit:onMaster>
        <spirit:onSlave>
          <spirit:presence>optional</spirit:presence>
          <spirit:width>1</spirit:width>
          <spirit:direction>in</spirit:direction>
        </spirit:onSlave>
        <spirit:defaultValue>0</spirit:defaultValue>
      </spirit:wire>
    </spirit:port>
    <spirit:port>
      <spirit:logicalName>RXUSRCLK2</spirit:logicalName>
      <spirit:wire>
        <spirit:onMaster>
          <spirit:presence>optional</spirit:presence>
          <spirit:width>1</spirit:width>
          <spirit:direction>in</spirit:direction>
        </spirit:onMaster>
        <spirit:onSlave>
          <spirit:presence>optional</spirit:presence>
          <spirit:width>1</spirit:width>
        </spirit:onSlave>
        <spirit:defaultValue>0</spirit:defaultValue>
      </spirit:wire>
    </spirit:port>
    <spirit:port>
      <spirit:logicalName>SOFT_RESET_RX</spirit:logicalName>
      <spirit:wire>
        <spirit:onMaster>
          <spirit:presence>optional</spirit:presence>
          <spirit:width>1</spirit:width>
        </spirit:onMaster>
        <spirit:onSlave>
          <spirit:presence>optional</spirit:presence>
          <spirit:width>1</spirit:width>
          <spirit:direction>in</spirit:direction>
        </spirit:onSlave>
        <spirit:defaultValue>0</spirit:defaultValue>
      </spirit:wire>
    </spirit:port>
    <spirit:port>
      <spirit:logicalName>rxuserrdy</spirit:logicalName>
      <spirit:wire>
        <spirit:onMaster>
          <spirit:presence>optional</spirit:presence>
          <spirit:width>1</spirit:width>
        </spirit:onMaster>
        <spirit:onSlave>
          <spirit:presence>optional</spirit:presence>
          <spirit:width>1</spirit:width>
          <spirit:direction>in</spirit:direction>
        </spirit:onSlave>
        <spirit:defaultValue>0</spirit:defaultValue>
      </spirit:wire>
    </spirit:port>
    <spirit:port>
      <spirit:logicalName>rxdata</spirit:logicalName>
      <spirit:wire>
        <spirit:qualifier/>
        <spirit:onMaster>
          <spirit:presence>optional</spirit:presence>
          <spirit:direction>in</spirit:direction>
        </spirit:onMaster>
        <spirit:onSlave>
          <spirit:presence>optional</spirit:presence>
        </spirit:onSlave>
        <spirit:defaultValue>0</spirit:defaultValue>
      </spirit:wire>
    </spirit:port>
    <spirit:port>
      <spirit:logicalName>rxchariscomma</spirit:logicalName>
      <spirit:wire>
        <spirit:onMaster>
          <spirit:presence>optional</spirit:presence>
          <spirit:direction>in</spirit:direction>
        </spirit:onMaster>
        <spirit:onSlave>
          <spirit:presence>optional</spirit:presence>
        </spirit:onSlave>
        <spirit:defaultValue>0</spirit:defaultValue>
      </spirit:wire>
    </spirit:port>
    <spirit:port>
      <spirit:logicalName>rxcharisk</spirit:logicalName>
      <spirit:wire>
        <spirit:onMaster>
          <spirit:presence>optional</spirit:presence>
          <spirit:direction>in</spirit:direction>
        </spirit:onMaster>
        <spirit:onSlave>
          <spirit:presence>optional</spirit:presence>
        </spirit:onSlave>
        <spirit:defaultValue>0</spirit:defaultValue>
      </spirit:wire>
    </spirit:port>
    <spirit:port>
      <spirit:logicalName>rxdisperr</spirit:logicalName>
      <spirit:wire>
        <spirit:onMaster>
          <spirit:presence>optional</spirit:presence>
          <spirit:direction>in</spirit:direction>
        </spirit:onMaster>
        <spirit:onSlave>
          <spirit:presence>optional</spirit:presence>
        </spirit:onSlave>
        <spirit:defaultValue>0</spirit:defaultValue>
      </spirit:wire>
    </spirit:port>
    <spirit:port>
      <spirit:logicalName>rxnotintable</spirit:logicalName>
      <spirit:wire>
        <spirit:onMaster>
          <spirit:presence>optional</spirit:presence>
          <spirit:direction>in</spirit:direction>
        </spirit:onMaster>
        <spirit:onSlave>
          <spirit:presence>optional</spirit:presence>
        </spirit:onSlave>
        <spirit:defaultValue>0</spirit:defaultValue>
      </spirit:wire>
    </spirit:port>
    <spirit:port>
      <spirit:logicalName>rxbyteisaligned</spirit:logicalName>
      <spirit:wire>
        <spirit:onMaster>
          <spirit:presence>optional</spirit:presence>
          <spirit:width>1</spirit:width>
          <spirit:direction>in</spirit:direction>
        </spirit:onMaster>
        <spirit:onSlave>
          <spirit:presence>optional</spirit:presence>
          <spirit:width>1</spirit:width>
        </spirit:onSlave>
        <spirit:defaultValue>0</spirit:defaultValue>
      </spirit:wire>
    </spirit:port>
    <spirit:port>
      <spirit:logicalName>rxbyterealign</spirit:logicalName>
      <spirit:wire>
        <spirit:onMaster>
          <spirit:presence>optional</spirit:presence>
          <spirit:width>1</spirit:width>
          <spirit:direction>in</spirit:direction>
        </spirit:onMaster>
        <spirit:onSlave>
          <spirit:presence>optional</spirit:presence>
          <spirit:width>1</spirit:width>
        </spirit:onSlave>
        <spirit:defaultValue>0</spirit:defaultValue>
      </spirit:wire>
    </spirit:port>
    <spirit:port>
      <spirit:logicalName>PLLxLOCK</spirit:logicalName>
      <spirit:wire>
        <spirit:onMaster>
          <spirit:presence>optional</spirit:presence>
          <spirit:width>1</spirit:width>
          <spirit:direction>in</spirit:direction>
        </spirit:onMaster>
        <spirit:onSlave>
          <spirit:presence>optional</spirit:presence>
          <spirit:width>1</spirit:width>
        </spirit:onSlave>
        <spirit:defaultValue>0</spirit:defaultValue>
      </spirit:wire>
    </spirit:port>
    <spirit:port>
      <spirit:logicalName>PLLxREFCLKLOST</spirit:logicalName>
      <spirit:wire>
        <spirit:onMaster>
          <spirit:presence>optional</spirit:presence>
          <spirit:direction>in</spirit:direction>
        </spirit:onMaster>
        <spirit:onSlave>
          <spirit:presence>optional</spirit:presence>
        </spirit:onSlave>
        <spirit:defaultValue>0</spirit:defaultValue>
      </spirit:wire>
    </spirit:port>
    <spirit:port>
      <spirit:logicalName>TXUSRCLK2</spirit:logicalName>
      <spirit:wire>
        <spirit:onMaster>
          <spirit:presence>optional</spirit:presence>
          <spirit:width>1</spirit:width>
          <spirit:direction>in</spirit:direction>
        </spirit:onMaster>
        <spirit:onSlave>
          <spirit:presence>optional</spirit:presence>
          <spirit:width>1</spirit:width>
        </spirit:onSlave>
        <spirit:defaultValue>0</spirit:defaultValue>
      </spirit:wire>
    </spirit:port>
    <spirit:port>
      <spirit:logicalName>txuserrdy</spirit:logicalName>
      <spirit:wire>
        <spirit:onMaster>
          <spirit:presence>optional</spirit:presence>
          <spirit:width>1</spirit:width>
        </spirit:onMaster>
        <spirit:onSlave>
          <spirit:presence>optional</spirit:presence>
          <spirit:width>1</spirit:width>
          <spirit:direction>in</spirit:direction>
        </spirit:onSlave>
        <spirit:defaultValue>0</spirit:defaultValue>
      </spirit:wire>
    </spirit:port>
    <spirit:port>
      <spirit:logicalName>txdata</spirit:logicalName>
      <spirit:wire>
        <spirit:onMaster>
          <spirit:presence>optional</spirit:presence>
        </spirit:onMaster>
        <spirit:onSlave>
          <spirit:presence>optional</spirit:presence>
          <spirit:direction>in</spirit:direction>
        </spirit:onSlave>
        <spirit:defaultValue>0</spirit:defaultValue>
      </spirit:wire>
    </spirit:port>
    <spirit:port>
      <spirit:logicalName>txcharisk</spirit:logicalName>
      <spirit:wire>
        <spirit:onMaster>
          <spirit:presence>optional</spirit:presence>
        </spirit:onMaster>
        <spirit:onSlave>
          <spirit:presence>optional</spirit:presence>
          <spirit:direction>in</spirit:direction>
        </spirit:onSlave>
        <spirit:defaultValue>0</spirit:defaultValue>
      </spirit:wire>
    </spirit:port>
  </spirit:ports>
</spirit:abstractionDefinition>
