<?xml version="1.0" encoding="UTF-8"?>
<spirit:abstractionDefinition xmlns:xilinx="http://www.xilinx.com" xmlns:spirit="http://www.spiritconsortium.org/XMLSchema/SPIRIT/1685-2009" xmlns:xsi="http://www.w3.org/2001/XMLSchema-instance">
  <spirit:vendor>iit.local</spirit:vendor>
  <spirit:library>user</spirit:library>
  <spirit:name>handshake_rtl</spirit:name>
  <spirit:version>1.0</spirit:version>
  <spirit:busType spirit:vendor="iit.local" spirit:library="user" spirit:name="handshake" spirit:version="1.0"/>
  <spirit:ports>
    <spirit:port>
      <spirit:logicalName>TDATA</spirit:logicalName>
      <spirit:description>Transfer Data</spirit:description>
      <spirit:wire>
        <spirit:onMaster/>
        <spirit:onSlave>
          <spirit:direction>in</spirit:direction>
        </spirit:onSlave>
        <spirit:defaultValue>0</spirit:defaultValue>
      </spirit:wire>
    </spirit:port>
    <spirit:port>
      <spirit:logicalName>TVALID</spirit:logicalName>
      <spirit:description>Transfer valid</spirit:description>
      <spirit:wire>
        <spirit:onMaster>
          <spirit:presence>required</spirit:presence>
          <spirit:width>1</spirit:width>
        </spirit:onMaster>
        <spirit:onSlave>
          <spirit:presence>required</spirit:presence>
          <spirit:width>1</spirit:width>
          <spirit:direction>in</spirit:direction>
        </spirit:onSlave>
      </spirit:wire>
    </spirit:port>
    <spirit:port>
      <spirit:logicalName>TREADY</spirit:logicalName>
      <spirit:description>Transfer ready</spirit:description>
      <spirit:wire>
        <spirit:onMaster>
          <spirit:width>1</spirit:width>
          <spirit:direction>in</spirit:direction>
        </spirit:onMaster>
        <spirit:onSlave>
          <spirit:width>1</spirit:width>
        </spirit:onSlave>
        <spirit:defaultValue>1</spirit:defaultValue>
      </spirit:wire>
    </spirit:port>
  </spirit:ports>
</spirit:abstractionDefinition>
