<?xml version="1.0" encoding="UTF-8"?>
<spirit:abstractionDefinition xmlns:xilinx="http://www.xilinx.com" xmlns:spirit="http://www.spiritconsortium.org/XMLSchema/SPIRIT/1685-2009" xmlns:xsi="http://www.w3.org/2001/XMLSchema-instance">
  <spirit:vendor>iit.local</spirit:vendor>
  <spirit:library>user</spirit:library>
  <spirit:name>hssaer_rtl</spirit:name>
  <spirit:version>1.0</spirit:version>
  <spirit:busType spirit:vendor="iit.local" spirit:library="user" spirit:name="hssaer" spirit:version="1.0"/>
  <spirit:ports>
    <spirit:port>
      <spirit:logicalName>HSSAER</spirit:logicalName>
      <spirit:wire>
        <spirit:onMaster>
          <spirit:presence>required</spirit:presence>
        </spirit:onMaster>
        <spirit:onSlave>
          <spirit:presence>required</spirit:presence>
          <spirit:direction>in</spirit:direction>
        </spirit:onSlave>
        <spirit:defaultValue>0</spirit:defaultValue>
      </spirit:wire>
    </spirit:port>
  </spirit:ports>
</spirit:abstractionDefinition>
