<?xml version="1.0" encoding="UTF-8"?>
<spirit:abstractionDefinition xmlns:xilinx="http://www.xilinx.com" xmlns:spirit="http://www.spiritconsortium.org/XMLSchema/SPIRIT/1685-2009" xmlns:xsi="http://www.w3.org/2001/XMLSchema-instance">
  <spirit:vendor>iit.local</spirit:vendor>
  <spirit:library>user</spirit:library>
  <spirit:name>SpiNNlink_rtl</spirit:name>
  <spirit:version>1.0</spirit:version>
  <spirit:busType spirit:vendor="iit.local" spirit:library="user" spirit:name="SpiNNlink" spirit:version="1.0"/>
  <spirit:ports>
    <spirit:port>
      <spirit:logicalName>Lin</spirit:logicalName>
      <spirit:description>SpiNNlink Data input</spirit:description>
      <spirit:wire>
        <spirit:qualifier>
          <spirit:isData>true</spirit:isData>
        </spirit:qualifier>
        <spirit:onMaster>
          <spirit:presence>illegal</spirit:presence>
          <spirit:width>7</spirit:width>
          <spirit:direction>in</spirit:direction>
        </spirit:onMaster>
        <spirit:onSlave>
          <spirit:presence>required</spirit:presence>
          <spirit:width>7</spirit:width>
          <spirit:direction>in</spirit:direction>
        </spirit:onSlave>
        <spirit:defaultValue>0</spirit:defaultValue>
      </spirit:wire>
    </spirit:port>
    <spirit:port>
      <spirit:logicalName>LinAck</spirit:logicalName>
      <spirit:description>Acknowledge output for Lin</spirit:description>
      <spirit:wire>
        <spirit:onMaster>
          <spirit:presence>illegal</spirit:presence>
        </spirit:onMaster>
        <spirit:onSlave>
          <spirit:presence>required</spirit:presence>
          <spirit:width>1</spirit:width>
        </spirit:onSlave>
        <spirit:defaultValue>0</spirit:defaultValue>
      </spirit:wire>
    </spirit:port>
    <spirit:port>
      <spirit:logicalName>Lout</spirit:logicalName>
      <spirit:description>SpiNNlink Data output</spirit:description>
      <spirit:wire>
        <spirit:qualifier>
          <spirit:isData>true</spirit:isData>
        </spirit:qualifier>
        <spirit:onMaster>
          <spirit:presence>required</spirit:presence>
          <spirit:width>7</spirit:width>
        </spirit:onMaster>
        <spirit:onSlave>
          <spirit:presence>illegal</spirit:presence>
          <spirit:width>7</spirit:width>
        </spirit:onSlave>
        <spirit:defaultValue>0</spirit:defaultValue>
      </spirit:wire>
    </spirit:port>
    <spirit:port>
      <spirit:logicalName>LoutAck</spirit:logicalName>
      <spirit:description>Acknowledge input for Lout</spirit:description>
      <spirit:wire>
        <spirit:onMaster>
          <spirit:presence>required</spirit:presence>
          <spirit:direction>in</spirit:direction>
        </spirit:onMaster>
        <spirit:onSlave>
          <spirit:presence>illegal</spirit:presence>
          <spirit:direction>in</spirit:direction>
        </spirit:onSlave>
        <spirit:defaultValue>0</spirit:defaultValue>
      </spirit:wire>
    </spirit:port>
  </spirit:ports>
</spirit:abstractionDefinition>
